<?xml version="1.0" encoding="UTF-8"?>
<project-private xmlns="http://www.netbeans.org/ns/project-private/1">
    <data xmlns="http://www.netbeans.org/ns/make-project-private/1">
        <activeConfTypeElem>1</activeConfTypeElem>
        <activeConfIndexElem>0</activeConfIndexElem>
    </data>
    <editor-bookmarks xmlns="http://www.netbeans.org/ns/editor-bookmarks/2" lastBookmarkId="1">
        <file>
            <url>Rparser.cpp</url>
            <bookmark id="1">
                <name/>
                <line>89</line>
                <key/>
            </bookmark>
        </file>
    </editor-bookmarks>
    <open-files xmlns="http://www.netbeans.org/ns/projectui-open-files/2">
        <group>
            <file>file:/u/a/silver90/ece244/Lab4-master/ResistorList.h</file>
            <file>file:/u/a/silver90/ece244/Lab4-master/Node.cpp</file>
            <file>file:/u/a/silver90/ece244/Lab4-master/Resistor.cpp</file>
            <file>file:/u/a/silver90/ece244/Lab4-master/ResistorList.cpp</file>
            <file>file:/u/a/silver90/ece244/Lab4-master/NodeList.h</file>
            <file>file:/u/a/silver90/ece244/Lab4-master/NodeList.cpp</file>
            <file>file:/u/a/silver90/ece244/Lab4-master/Node.h</file>
        </group>
    </open-files>
</project-private>
